epoch,losses_from_train_t
1,0.9001263380050659
2,0.6174569725990295
3,0.5897891521453857
