epoch,train_times_sec
1,7.713239
2,3.619293
3,4.105396
