epoch,losses_from_train_v
1,0.6687325835227966
2,0.5997694134712219
3,0.5843417048454285
